feature1 mean,feature1 var,feature2 mean,feature2 var,feature3 mean,feature3 var,feature4 mean,feature4 var,feature5 mean,feature5 var,feature6 mean,feature6 var,feature7 mean,feature7 var,label
0.0031815114171758196,8.034927438772916e-05,0.0060416367,0.0007891910579375244,0.00010402856,0.0011762380003679795,0.034923352,0.0008986355681784991,0.009874424,0.00023536456005138293,0.021373058,0.000485797406784564,0.007916477,7.286450103638487e-05,1
0.0025655410718190552,3.3728981899561014e-05,0.008469636,0.0006798722073487508,-0.0010695641,0.0003065169591831042,0.020683756,0.00037232108725624227,0.008753259,0.00017035936481718875,0.021785028,0.00035798700549795337,0.00953282,0.0001001629501758217,1
0.0049793398150850265,0.00016010530722955596,0.0060011903,0.002563413823273075,-0.0011500587,0.0022160896145431153,0.02852949,0.0008748803600081706,0.0108229825,0.0001853225309316345,0.018409371,0.00025054959496007,0.008948466,0.0001371483389862732,0
0.0037470167380533326,7.131396018900533e-05,0.0059062624,0.0012261033172067531,-0.00042366234,0.0011515065554204562,0.035666868,0.0005577125125059285,0.018075218,0.0010750361537144176,0.03527714,0.0009324117854275921,0.017599555,0.000532568644501661,1
0.012028841642645283,0.0006651334038893098,0.004707294,0.008398486907174041,-0.00034423603,0.015331742814364058,0.12610926,0.011896218428775251,0.04016549,0.0025998608486080266,0.053366147,0.002010832454438574,0.023325799,0.0005288281385734152,1
0.00353263852270036,9.411740073266594e-05,0.0054201777,0.0009874128109122055,-0.0046962854,0.001562454035763508,0.049688816,0.006936777844536446,0.017296458,0.0022614202334517858,0.025559632,0.0009511961423540639,0.008850798,0.0001328500228854274,0
0.004019698888858274,0.00011012721706067755,0.00724102,0.0014982560174767873,-0.00023194816,0.002071883886004322,0.028017892,0.0006107878062136841,0.009958414,0.00024038703344686496,0.021575924,0.0006557912893483432,0.0081227105,0.00012150718343684197,1
0.0022006331583135363,3.69054715117479e-05,0.0021899461,0.0005244758705580943,-2.0422682e-05,0.0004848321274782165,0.057687223,0.0032904983563387807,0.0190252,0.0007861764856418076,0.03460808,0.0009706869191618318,0.014539108,0.0002501811884828703,1
0.004913868764035101,0.00013563439350504803,0.010610769,0.0020412011276788183,0.0017063853,0.0019739215175677144,0.028887983,0.0008376269720472874,0.0111730825,0.0003487938002719494,0.02473331,0.0004955360021136092,0.010387685,0.0001110757411203209,1
0.006481890889075359,0.00033788506785094476,-0.0005399287,0.003104360716752519,0.0034000762,0.007195413625781022,0.043645974,0.004068613877411531,0.015745923,0.0014538091351355004,0.022216817,0.0006675053558533595,0.007897256,8.582935318869611e-05,0
0.0075845492752852905,0.00038557141567257565,0.009587226,0.0029851537302075237,-0.00016912629,0.006933149407668593,0.064698204,0.0026440477585028127,0.014258245,0.00022680371586815407,0.032150842,0.0008351125313252883,0.0107462555,0.00012730688761377566,0
0.006318065701388598,0.00021800189738917388,0.0013743903,0.002166844415327343,-0.00020773814,0.004694312745424922,0.093118876,0.005891564822422757,0.03458128,0.004277239511587594,0.041068964,0.0009869748199844985,0.0143161025,0.00016637618142481894,1
0.005252646695219632,0.00012096334569564102,0.0058271177,0.0023416437590382394,8.9349865e-05,0.0018121042433316692,0.034796473,0.0005828064353731767,0.016310688,0.0003161424543461945,0.027003001,0.00046876651757371893,0.014271271,0.0001788161956522644,1
0.003971028860753734,9.232129091701991e-05,0.011424638,0.0012746225230666486,-0.00011759074,0.0015227041672521424,0.029244877,0.0006451407762076006,0.008397018,0.00012009625884650075,0.02300438,0.0004453528937382739,0.007942433,7.688332276294205e-05,0
0.00420444289751476,9.975383894268696e-05,0.0065952865,0.0012352754791412762,0.0024698817,0.0018009389830165312,0.040670834,0.0013849871425271193,0.013919864,0.00046836695068065703,0.020653887,0.0003370344786199908,0.008555487,8.671067523802548e-05,0
0.005214013687366403,0.0001310390396541894,0.010748066,0.00269784812372742,0.0008613479,0.0019038870460848095,0.027109658,0.00042350302245441895,0.014790693,0.0005380443339679554,0.03487792,0.0009109531390683184,0.016317356,0.00031624672019031977,1
0.0023393827162800918,2.167501461727775e-05,0.0068086092,0.0003740045888212286,-0.0013335445,0.00035935048516932966,0.030908898,0.0007574672262128691,0.015067335,0.00035554565112073944,0.025339542,0.00033079283197765333,0.011491916,8.506452194534473e-05,1
0.004816356137312461,0.00028427200615239605,-9.313226e-10,0.006188156937017908,-0.007517104,0.0022560284058026903,0.044402264,0.00596483756089583,0.017582081,0.0024987410849115627,0.018351395,0.0002965413516276029,0.007414201,7.793680986838917e-05,1
0.005325068046344583,0.00015317993231830609,0.0049352963,0.0017719615759166502,0.00040398847,0.0028095136970274215,0.068303615,0.002696072522455198,0.018102145,0.0003201499019491738,0.03731885,0.0008462215079364649,0.012972959,0.00013286387072342087,1
0.00607406234284813,0.00018867513636781504,0.0044784956,0.002516800954299861,-0.0023420795,0.003518340786114474,0.059710894,0.003350278458489356,0.01754379,0.0009034241445464754,0.035040453,0.0007699877802303835,0.011964842,0.00014245819355167364,1
0.0043119891304144176,9.630445050256761e-05,0.008971797,0.0012908862152336553,0.0030330983,0.0022393894366674744,0.03521708,0.0012850173467727904,0.018906426,0.002193822362056577,0.025349867,0.0003904265201887559,0.009108759,8.101152693508473e-05,1
0.004588898329252578,0.0001292813459267035,0.00884732,0.0012015583797038293,-0.0029268065,0.0031865286914128377,0.037524287,0.002858779235456313,0.016965955,0.001182687901005855,0.020429034,0.0003013372632575152,0.00810588,5.396270429662759e-05,1
0.0033949928581296085,9.234025552776576e-05,0.00891088,0.0013870142200059915,0.0026337425,0.0011563512534848996,0.035742365,0.0038806634365401577,0.013136601,0.0019161491657732205,0.02126105,0.000480124036597529,0.008396769,0.00011376686795215672,0
0.004672210070333804,0.00014774970866535526,0.006712478,0.0016242155474284342,0.00078450044,0.0030672569404417566,0.041035995,0.001307965894073393,0.013844821,0.00041369496363687086,0.022749156,0.0005912126828209185,0.009185809,0.00013035689725885216,1
0.005413874815440423,0.0001728707511786836,0.005950931,0.0019601048149776035,-0.0015855586,0.0029660527152373106,0.043592773,0.0011938245178056,0.016606363,0.0004159459770450985,0.02459028,0.0004247802772037179,0.011092931,0.00013643872804390642,0
0.006360826830112742,0.0002363445052710844,0.006701868,0.0022366518023036464,0.006724285,0.00657277954812413,0.0623225,0.006744034804420318,0.027144555,0.004565123066690768,0.029312856,0.0005068070031877293,0.012233596,0.00012974214839149654,0
0.004391772475718092,0.00012889597651726196,0.0033575555,0.002080650967294595,-3.1910546e-05,0.002139732489290447,0.06707061,0.004390546903331405,0.02356158,0.0009433699119017237,0.039786138,0.0010874156922382472,0.016198615,0.00038759523011192357,0
0.004876401518608908,0.00013326795044781175,0.010264939,0.0019146296522620926,0.0017367087,0.001978634088420486,0.029442705,0.0008888032520496282,0.011367462,0.0003566401173346924,0.024860159,0.0005015856596206382,0.01037403,0.00011129227698436495,1
0.003741287853209485,7.269383805134744e-05,0.0068594264,0.0011273835816203448,0.00049764616,0.0011694314231741054,0.023527129,0.0004737005981366761,0.009750947,0.0006283754859817137,0.020482223,0.00031586491545733397,0.008354694,6.937531819784307e-05,1
0.005364153564121565,0.00023500212328166073,0.0050292728,0.002134560454456258,0.001013126,0.005434493498057746,0.062103286,0.00926379814336542,0.023843687,0.0026782499477134986,0.0352922,0.0010596019115496347,0.014162863,0.00026531578745992226,1
0.005655858057636465,0.00019419430950903802,0.0045806095,0.00172089120699348,0.0013120848,0.0037223713924616764,0.06760688,0.0023098047732973553,0.01968727,0.0005333663165331265,0.0329583,0.0007096148634468946,0.012298448,0.00016316172673701366,1
0.003357098010436488,9.303251699991285e-05,0.007423766,0.001343708744322436,-0.001755802,0.0011752804780829629,0.033089805,0.0028832435150702995,0.011288647,0.0008643780919807137,0.022629388,0.0006850053191992424,0.008526055,0.00011205422834368109,0
0.00413965713017439,0.0001785383990651382,0.0066807535,0.0015631744797973829,-0.0008471582,0.003933537743996907,0.04613195,0.0046784034510261585,0.013161927,0.0009727403740136253,0.025738059,0.0008532486555864506,0.0080145,0.00018616700968195846,1
0.007336322864855749,0.00035628559507597474,0.0052263206,0.004271292957185813,-0.000515516,0.006283055729358944,0.04497207,0.0018294528036838648,0.013281228,0.0002856046856137967,0.029157478,0.0006957857246394118,0.010313326,0.0001315740454750948,0
0.004404326800867331,0.00010743597520501372,0.010289952,0.001433185715574728,-0.0012917418,0.0019109689939657143,0.044414967,0.0015881371309217768,0.013071073,0.0003358959836222454,0.02473418,0.0004127673711492065,0.009630361,9.769717146421511e-05,0
0.0034390402385220398,8.007811632943232e-05,0.0023487809,0.0008036889838384,0.00029094503,0.0014079012723522966,0.10179472,0.013823263278934184,0.024799312,0.0013863971747080234,0.044886127,0.001534574678929923,0.01556644,0.00024295422609982645,1
0.004342131500971291,0.00011964317413729624,0.010127712,0.0013739693801429476,-0.0037792544,0.0019100275130350952,0.042437665,0.0036633342598096363,0.014223331,0.0011792009170764062,0.022399891,0.0005084419284745595,0.008303035,7.682969698604662e-05,1
0.004993802261859415,0.0001659002097354499,0.0063077044,0.0016664909831059505,0.0020906692,0.003163239283023034,0.04218429,0.0013343953915223583,0.013635151,0.0006824737206051618,0.023305275,0.00047141116712978715,0.0086421855,9.886639828710162e-05,1
0.005202331676460892,0.00017878006337558114,0.011271279,0.0026497235276146114,0.0012624521,0.0031092149790718088,0.023162682,0.0005568192959278274,0.009532483,0.000249284178851953,0.017266657,0.0002851769283918372,0.0072333645,8.504478412496921e-05,1
0.003787445612551288,7.897906382573085e-05,0.003507049,0.0013592902451943362,-1.5157362e-05,0.0011742985798347677,0.025228554,0.0004838336375882074,0.011643818,0.00016330329875333463,0.0238864,0.00048533910359438437,0.010722369,0.00011753333665715047,1
0.004552269086381955,0.0001251249442637268,0.008100233,0.0019036458330040779,0.00060466013,0.0019074179163247745,0.036744185,0.0007590743823505802,0.012788862,0.00042591744281967117,0.026100177,0.000401146030554609,0.009681436,0.00012525172299882037,1
0.00476930067062753,0.0001338633797687655,0.008454718,0.001504048478142575,-0.0043463055,0.0025711251714755218,0.052165963,0.0030281663607970716,0.01708959,0.0011016844666495024,0.025317186,0.0005786689421005721,0.009958577,0.00010927599019942922,0
0.006507677210166207,0.00024766126519268475,0.0068608625,0.0021980249513192107,0.00027666497,0.004616356447610992,0.04702387,0.001574718255209509,0.014059856,0.0001996293717983523,0.030274285,0.0007948672395165259,0.01148296,0.00014175077010716245,0
0.0023417990663361365,2.9464024375296707e-05,0.0038912606,0.0004465795215881224,-0.0017287576,0.0004649025257889329,0.03756194,0.0012778135864795065,0.012536603,0.0005036235496982955,0.021890711,0.00027432760617020213,0.008672188,7.870079248650796e-05,0
0.005291344849156943,0.0001388070483883006,0.0051660896,0.0021678666140348413,-0.0008601507,0.0022775518362765923,0.061361767,0.002466839459321371,0.01874432,0.0004569797535527477,0.03794043,0.0009387659130366682,0.014930841,0.00021591874426168337,1
0.005010920264466812,0.00014328740587175477,0.00804347,0.001919874847616257,0.0017695045,0.0025817554666771603,0.04056927,0.0009222429310358528,0.0151235275,0.0003578656414406911,0.025530376,0.00037864172947182917,0.010535346,0.00013536206156468476,1
0.002695533333943345,4.5271051442217674e-05,0.0019398464,0.0004257292572715267,-6.445952e-05,0.0009502949021497654,0.07444939,0.005532061200759719,0.019268474,0.0005208955505614649,0.03986022,0.0011005533736521134,0.013952421,0.00022008004463961242,0
0.004503160088588309,0.00012557290067643657,0.005693891,0.0016690069702608584,1.356213e-06,0.0019685070899534557,0.028189149,0.0005554202768070504,0.008456711,7.990252145362656e-05,0.019927204,0.00025926214178670706,0.0068205893,5.185535500249264e-05,0
0.002428541258282735,4.00487667570609e-05,0.003030711,0.00046744565354781345,5.9433474e-05,0.0006424248019563095,0.047148127,0.002436052477711295,0.016100291,0.0003839344967489257,0.032188825,0.0010685396388277063,0.012363582,0.00015807400702022925,1
0.007322278160372342,0.0003603826214018092,-0.0014446736,0.007064907195287129,0.001429436,0.00319401268245173,0.06574057,0.004260526829670541,0.021348828,0.0005966240257927781,0.05348251,0.0012347177766254408,0.019450616,0.00028951012563133496,1
0.005131760084069015,0.0001449780385868508,0.0060931724,0.00185916385415702,0.0014969269,0.002626758724763048,0.050601047,0.00208315506954998,0.016342502,0.0004427584167407961,0.034725122,0.0008513215025118294,0.012716628,0.0001759979241108137,1
0.006984531651257342,0.0002460408134903491,0.004759149,0.002764916812586518,-0.00050993165,0.004912034148676414,0.077353895,0.0059495054199688036,0.022702403,0.0005166452936168492,0.04831384,0.0015505648661928717,0.017240956,0.000233525361357915,0
0.0042289270656254985,0.00012300529275183504,0.0058859135,0.0021134618503633323,0.00037471068,0.0015404938814085473,0.04498571,0.0029664418610853144,0.015752945,0.0009477713853827674,0.03147706,0.0010158968468454432,0.012012954,0.00022824047879943868,1
0.006242832375572327,0.00019345754316098322,0.0077770962,0.0025806338817966484,0.0009335452,0.003737426003988867,0.051075593,0.0026009372064684927,0.013949279,0.00027111569576371633,0.027895674,0.00041800527611921337,0.010042969,7.436654131610931e-05,0
0.0062077335664820765,0.00021214115348618386,0.005122771,0.0021531421366491887,-0.0003839644,0.004330739694186292,0.043480176,0.0014070286189140635,0.017217796,0.00032097836674363847,0.023084331,0.00038006479818708874,0.011501355,0.0001693824471967276,1
0.004208466216169882,0.00010832903746797174,0.010221973,0.001484246252643262,-0.0017039657,0.002179691227512104,0.024177104,0.0006615746580238314,0.0101902485,0.000335661499492268,0.01694342,0.00024252289979088352,0.0077362945,8.696965101426604e-05,1
0.005682540252094803,0.00016444282106970744,0.0015617057,0.0018454392718973006,-0.0007294767,0.0034360426018005402,0.07865946,0.005539267600070341,0.023633584,0.0007882175632510126,0.040725853,0.0010128542447996325,0.015134623,0.00019100354614525004,1
0.005512678622745959,0.0001684487331905462,0.006279291,0.0018501203261195448,0.00078667654,0.003199987988209918,0.06728174,0.0028712001528442693,0.018170785,0.0004224846248047087,0.036366377,0.0011434701113097745,0.013501662,0.0001891918062525734,1
0.004032516683471599,0.0001367656962050215,0.0072727483,0.0010344656210936748,0.00074479374,0.0026392434307072193,0.041604504,0.003761722347039864,0.010042364,0.00021156588883714314,0.017847642,0.0002719702084010324,0.006830931,6.578811047947344e-05,1
0.004232763840647635,0.00013094143080169283,0.011369992,0.002867376814699854,-0.0009861176,0.0010666490782580557,0.026745971,0.0005798914721650977,0.0122982,0.0003383450224261342,0.025271248,0.0003857242069257895,0.010997032,0.00011883207260744797,1
0.0032616584319833386,8.390086403766319e-05,0.009935511,0.0016728648057920403,0.00015604297,0.0010038723178956155,0.02302361,0.0004190303125201113,0.008103501,0.00019944200984995612,0.02013212,0.0003777126962867805,0.0075456025,9.153342259326461e-05,0
0.005559927999345238,0.00018296036729802505,0.0065858727,0.0019813668896211944,-0.00058101246,0.003217384043536345,0.047034316,0.0020193188738404505,0.014915127,0.00038059602110529847,0.029584963,0.0007030274225352517,0.01183919,0.00015605525597528827,0
0.005403913386666126,0.00023036908645028434,0.008259426,0.001866839457729752,0.0011492609,0.0038276366133067757,0.037487682,0.001091337736071743,0.011108173,0.00025383441850388225,0.019993778,0.0003961125219255207,0.007109423,8.230558043487504e-05,0
0.006037632059963105,0.0002581380729445354,-0.00040893443,0.003725014271933183,0.00081100827,0.003920584072959754,0.04194212,0.0015021550144527773,0.0153959375,0.0005983612630417225,0.026119681,0.0004853477209494951,0.0094637,0.00010131942121447204,1
0.005171576127432687,0.00019287320587741154,0.0050176256,0.0016586749299146164,-0.0026537094,0.0032298551221648375,0.05489431,0.004232751846306115,0.016297266,0.0010059082188567658,0.03335216,0.0011616253310673536,0.010750931,0.00013593907998116998,1
0.003523186967282932,6.274053512470633e-05,0.005866209,0.0012550689241011548,0.0006839244,0.000846435223662137,0.028040623,0.0008633508368110498,0.011512738,0.0005844156485181884,0.022239426,0.0003878634860957769,0.009863339,0.00010149220995809075,1
0.002962126104153029,7.257045679424817e-05,0.0023849201,0.0013935000935170194,-0.0005656159,0.0005841588320665836,0.016744088,0.0003667767223902857,0.007180221,0.0002789936410649979,0.0144505575,0.00027352231629649074,0.0056781885,5.88306959670075e-05,1
0.004262329931536968,9.298304492245395e-05,0.008610123,0.0013927506412410168,0.0024300735,0.0014679591529977998,0.039770972,0.0014226959922708643,0.013739027,0.00048171447697975545,0.02763043,0.0005476656275985071,0.010561963,0.00010911545082814642,1
0.002350444359605852,3.394588454266138e-05,0.0025071374,0.00043484581234333464,-0.00018755457,0.0005564588528166881,0.05818685,0.0025548350141740978,0.01911972,0.0004521328172020535,0.040916704,0.0017215678432578457,0.015671704,0.00027715094606809224,1
0.00485609502521539,0.0001515655490857834,0.009877198,0.0014868528621980875,0.0030792034,0.002820739342486847,0.0403934,0.0014913466324656538,0.013195046,0.0008143639605612298,0.02004366,0.00034498044563063823,0.0074365204,8.885931831129849e-05,0
0.0054283434863924285,0.00015462570234397966,0.00424459,0.0015282809168196132,0.0032963667,0.0031683448373881623,0.06014733,0.003034648998763212,0.019173209,0.0012340876981525306,0.03304124,0.0008136698054888591,0.011946754,0.00012306898796143884,1
0.0030409028094524615,4.904427610490352e-05,0.0048114834,0.0008788742657272509,0.0011891491,0.0007097104314214599,0.03669553,0.0010140529910849239,0.014005273,0.00047654922456374926,0.03444552,0.001256601101179547,0.014093428,0.00033739492573600996,1
0.005068576494774213,0.0001378140076536175,0.004605101,0.0015542028943367342,-0.0029387288,0.002705331485586271,0.06373502,0.004486883912137252,0.020603947,0.000912993882691851,0.03374522,0.0007895329959385945,0.013647614,0.00017611007883250405,0
0.005737522512045512,0.00023917718911575783,0.0022519324,0.006485095736883162,-0.00040845585,0.0024417961824697715,0.025936095,0.0004413119506364027,0.009988185,0.00013821606407775442,0.021823777,0.0003311763658189193,0.0077614547,6.719617231303824e-05,1
0.004849237913729709,0.00017383806825740724,0.00557662,0.0012796047659071608,5.570655e-11,0.004786574006863609,0.07775423,0.008914476716368525,0.023446891,0.0015040129376387434,0.026565153,0.0005692378298311797,0.010289419,0.00011881008361519854,0
0.004066955396099692,0.00010744988916837259,0.010944556,0.001739453165062202,0.00014307421,0.0017812247876669574,0.022264544,0.00043737597669027753,0.007904878,0.00013466394479229402,0.017831858,0.00029190495610509695,0.007623928,8.703890387430635e-05,1
0.0051293118412134575,0.00016682674632619395,0.005793224,0.0018236463431380856,0.0005935852,0.0030760242453607006,0.031821325,0.0008820485005080238,0.009532932,0.00011085317966319508,0.019413024,0.00032478418750431226,0.0073215524,7.258395162679579e-05,1
0.0024159321985992577,3.39345789876091e-05,0.0027356972,0.0006102062636453333,-0.00013179088,0.0003912707538248489,0.05045525,0.0019728878754996515,0.019119743,0.0007840468834494942,0.04733547,0.0014801888422029258,0.017736569,0.00027269538663890827,1
0.0053445717021451955,0.00014539128396956556,0.00489461,0.0021870219840848387,-0.0012228148,0.002456161032425977,0.07164885,0.0032367785216571576,0.02620599,0.0012895633566989556,0.048724037,0.0017110836775552501,0.01883807,0.0003741931520643421,1
0.006662270259390368,0.0002300178271740209,0.0026950142,0.002334444678418812,-0.00050171476,0.005401289512534158,0.081271924,0.005557587388381968,0.03147691,0.0021213197242249265,0.037780896,0.0007124791334123387,0.018095301,0.00027158311703757987,0
0.005145902483605802,0.00017109465334513003,0.006117823,0.0029273037210604397,-0.00034295942,0.0026395002708646254,0.048142154,0.0020920815700089523,0.016857747,0.0004924322631661184,0.04292013,0.002318520723250131,0.01656076,0.0008095781845366724,0
0.0066208665231286545,0.00024667490862537243,0.0041160705,0.0020437999462347284,-0.0044260025,0.0050898551498881894,0.05707831,0.0025512977772177564,0.020863727,0.0013449273784771482,0.029870337,0.0007278412814119145,0.011135532,0.00012106415855282163,0
0.004881995548447371,0.00013368444018624438,0.0012872742,0.0014660192290221752,-3.4303957e-06,0.00266575245633284,0.0619595,0.002153008344482968,0.018875722,0.000425265121125621,0.0358987,0.0008452643450626608,0.012288725,0.00014414845631180798,0
0.0044642370611924775,0.00010072268208831473,0.007293379,0.0016166833194665303,0.00045692938,0.0015703535090418885,0.041769207,0.0014743979245283173,0.016499512,0.0004858305791542207,0.0337198,0.0007748810874752855,0.014492461,0.0002610617509060699,1
0.0028733535046416847,6.052988741186925e-05,0.0032886285,0.0006701016377125592,0.00041204577,0.0009332439626490996,0.06661782,0.004806774853758855,0.019456003,0.0008370861437213689,0.038369484,0.00148589805564793,0.013221854,0.00020814321187881488,1
0.004379960753758461,9.583085810847997e-05,0.008374942,0.0016487806400303229,-0.0007506971,0.0014288495088115583,0.039884306,0.0012444305681980072,0.014874786,0.0006349850846099209,0.031905252,0.0008764586333211456,0.014044093,0.0002518949528692617,1
0.003112454574414336,7.269162703088823e-05,0.004107614,0.0008263579776382514,0.002568007,0.0012339898109046121,0.059726357,0.007021864844593273,0.019322727,0.0023198960276010205,0.0329973,0.0011545543754849646,0.010709859,0.0001454144573719363,1
0.004729303524404926,0.00015406006276177096,0.003508572,0.0018663759263564672,-0.003944711,0.002824792025432968,0.04664775,0.00356318634749421,0.01652773,0.0013715062080144197,0.024758028,0.0004246278846145625,0.010142958,0.00013297003997880807,1
0.0023708761211524987,3.5417609530620316e-05,0.003115035,0.000508821176490537,-0.0006457912,0.0005223931969722262,0.06705523,0.0052931742394299874,0.022786085,0.0009274775698173698,0.047965758,0.002224225439060326,0.017204847,0.00030560089843368124,1
0.004895143930707668,0.00012530795377001545,0.008423605,0.0019829143124000664,-0.002037812,0.002187492391123161,0.046284102,0.0021941755361482157,0.020883638,0.0015137070260201058,0.032324426,0.000942269171577817,0.014249397,0.0003175647707821666,1
0.005479685475632934,0.00022900068307606594,0.006656874,0.0028626929099226928,-0.0012157147,0.004114487198325856,0.048184387,0.0026917321333703864,0.012567764,0.0003067196342859818,0.029819407,0.0011572062421132956,0.01071527,0.00019770944799137827,0
0.004935911219980049,0.00014337531312729382,0.006760902,0.002228750375901145,0.00010235326,0.00207030449551443,0.04286291,0.0017304471915891156,0.014932677,0.00039573070404394853,0.031835716,0.0007821187295271904,0.012543781,0.00015545106901561443,0
0.0059508094947222645,0.00018448355097567168,0.0023104886,0.0016199317212123449,0.00042481016,0.004108244213690604,0.09098504,0.004930276204256012,0.026136098,0.0008689807345746564,0.042480253,0.0010748331601951322,0.0162217,0.00021613797909687208,1
0.002602741096183081,5.686911169255387e-05,0.008889181,0.0008461948495513405,-0.0015328262,0.0006216125579314204,0.019450372,0.00048502638641648513,0.0076312176,0.00024270538968623138,0.015549246,0.00029994057854759726,0.005184179,4.2497823018601034e-05,1
0.0032222005853546065,5.6757947097835364e-05,0.00609437,0.0007185274176284319,0.0004948539,0.0009716400432313622,0.026646737,0.0004057367135597324,0.009220895,7.332121702724459e-05,0.02237736,0.000284720764306582,0.00912018,9.881449192811545e-05,1
0.003404984594790328,7.925718190989374e-05,0.0072416873,0.0013595594568101138,-0.00016541356,0.000982736418587829,0.02109594,0.0002646581268313103,0.007905384,6.133399548330452e-05,0.019880611,0.0003449565055325815,0.008120275,9.419929239734646e-05,1
0.0033692204425719297,7.459722425278075e-05,0.00936082,0.0008179652117657234,-0.001153888,0.0011799995575306893,0.021539979,0.00043668496335641516,0.0066776304,7.867747860818789e-05,0.015512992,0.00016866257858128356,0.0058940677,3.300042614094809e-05,0
0.00588737738532652,0.0002124858416673309,0.008502888,0.003026921739817126,-0.0029130206,0.003678041393316414,0.037948325,0.0021362667820348236,0.015084305,0.00104809988749123,0.028069258,0.0007072422196444141,0.011852,0.0001680346784249673,1
0.0036402273702682564,7.466073838261343e-05,0.008343141,0.0010952838538896975,-0.0014499249,0.0012202978878059767,0.028313514,0.0008586487432876155,0.009740464,0.00026736365068150483,0.021221815,0.00032408527196153836,0.0084440885,8.097094395605273e-05,1
0.0023770190550669312,3.4742641387793815e-05,0.0025856376,0.0005361277191136306,0.0007089742,0.0004779758034875216,0.0643418,0.0037691338630346932,0.023375211,0.0012117767611011937,0.040749587,0.0011670022714602851,0.015885312,0.0002504148741187297,1
0.00585450158689671,0.00023394267326292702,0.008628152,0.002665278551179942,-0.005638606,0.004168067175843115,0.05836034,0.005077253567847606,0.017894331,0.0018687160600384112,0.028657801,0.000562505770740105,0.009258481,8.71518419831652e-05,0
0.003446352108371631,8.515607821419961e-05,-4.9299095e-05,0.001069509668953375,0.0007211756,0.0014766574430238877,0.026969172,0.001184999942779541,0.009265757,0.00042108315733759005,0.021751814,0.0004118892811219056,0.0070846677,5.05342644438521e-05,0
0.002903414741489474,5.727587936595967e-05,0.0012083752,0.00031745637175134914,0.00057550805,0.0015239612756534765,0.059666652,0.002810054759196101,0.028435681,0.0054655516672177384,0.024541348,0.00040294485994602294,0.01087198,0.00010618773703566578,0
0.005355548005816502,0.0001723234725808265,0.010209106,0.0024063527139806112,0.0017456191,0.0034435677549302657,0.032378037,0.0012374493633299372,0.015961088,0.0014520352999747438,0.025554422,0.0004326816133586875,0.012125766,0.00031558829259470747,1
0.0009120300237617229,5.8630375791048556e-06,0.002502271,8.531836275373073e-05,-0.000281292,7.427976374124734e-05,0.030047685,0.0008934606978222015,0.012949988,0.0006900936349224646,0.024908196,0.000466542804580819,0.0110087525,0.00019044580486131477,0
0.002184598098492252,2.8928894237007476e-05,0.0029447917,0.0004757473096755928,-0.00011368157,0.0004097672192318637,0.04720444,0.001478074136957011,0.016187154,0.00039380500725284817,0.033248186,0.0010116995747678909,0.013638984,0.00023706807176327675,1
0.002014641871544043,2.7262320818916755e-05,0.00479127,0.0005513566713000323,0.0022224148,0.00027195632411075935,0.027807172,0.0016547559111513982,0.013383279,0.0009085437538970155,0.021421688,0.0004681654981200968,0.009627132,0.0001186226405808545,1
0.004635188682931002,0.00010404900387685377,0.009331621,0.0018757400950822345,0.0012997196,0.0016324401190915966,0.02952731,0.0007457380681112659,0.009305467,0.0001252156620772972,0.024244756,0.0003630328866549015,0.008594302,5.5284612835524794e-05,0
0.008134282684176597,0.00034941497537078754,0.006628234,0.003343422053188272,5.63222e-05,0.007716861420920873,0.081208825,0.004587469250312504,0.019087624,0.0004121687644986806,0.035146683,0.0006616248678917337,0.012868181,0.00012611552132172146,0
0.00418677556899727,0.00010670387292744087,0.0061421553,0.0014908376882394325,0.00059297914,0.00177694237544114,0.032379374,0.0011836466411008773,0.010334218,0.000341386393120955,0.025305694,0.0005804869303991517,0.009865781,0.00012714064001234995,0
0.00711023690130963,0.00027323178275224087,0.0059514893,0.003107540953568036,-0.0021493393,0.005228981868729221,0.06297712,0.004096644144585548,0.01737721,0.0005053691504258856,0.037565254,0.0007696345993318254,0.0136882905,0.0001383586584365751,0
0.004928680036315747,0.00016628299246697632,0.0070760995,0.0017530642874428182,0.0045865127,0.002947224950682392,0.054503843,0.0052764551217665545,0.016557276,0.0014844402983272276,0.030302286,0.0007314112891836921,0.010708958,0.00012998529549174132,0
0.0027604768908258137,4.446501691958252e-05,0.0035834825,0.0003771897122171325,0.0012465882,0.0011763374026824286,0.053337038,0.001749175457868915,0.028513558,0.005553598969819051,0.024982236,0.00044899686869396063,0.010164745,9.265541515294032e-05,0
0.005082387920429365,0.00017836179249965963,0.008402226,0.001864767211024257,-0.006076818,0.0031755924858373336,0.061528355,0.005728989823555963,0.019680234,0.0023045036076099756,0.027748879,0.0005527657185822599,0.009198725,7.864602439153993e-05,0
0.0026819873266656913,3.5712279718700486e-05,0.0048401225,0.0006284481403763392,0.0012333454,0.0005855163116061934,0.027562235,0.0007844102416121462,0.011605812,0.00025373323342542387,0.020477334,0.0003443345619398887,0.009613527,9.028234378898135e-05,1
0.0063782134264755985,0.0002307210159246638,0.0053239744,0.0030833339607818644,0.00052978285,0.0045937056195533565,0.037697896,0.0016786457147190958,0.013438064,0.0005332094010485205,0.026745899,0.0008036220286337971,0.010606435,0.00012436237169222934,1
0.004634624619896499,0.00012278873708239542,0.0059926542,0.0021432786137831755,-0.00093873055,0.0017263758160197679,0.0329447,0.0008452608792432516,0.010468619,0.00019753283251001952,0.026187608,0.0005407647859121401,0.0089300955,9.76136046061983e-05,0
0.0030820711046126714,4.5932381531484317e-05,0.0063048475,0.0010231441150745368,-0.00045778626,0.0005874640151943035,0.016232733,0.00023220785785292661,0.0070970636,5.6327990169222986e-05,0.016956605,0.00013949024625748221,0.0070287352,3.461800492682646e-05,1
0.0035389980798283815,9.409922455361556e-05,0.0054264,0.0009890914655850125,-0.0046934136,0.0015625294301386955,0.049680587,0.006944401396712152,0.017353628,0.002251971875479042,0.025589136,0.0009491606317091374,0.0088856425,0.00013177091767217156,0
0.003912436687185661,0.0001116281580452787,0.011685668,0.0016057020115361476,-0.0028841612,0.0017652368463361295,0.028337777,0.0020309187503910753,0.010686485,0.0011251042337825368,0.017801426,0.0004741042177016652,0.0074718846,7.551743618303911e-05,0
0.00595467310616149,0.00024810488059944213,-3.1990465e-05,0.00266039386162481,-0.0022432366,0.004762791019642665,0.058415182,0.005103170630169851,0.016870502,0.0006429600949414138,0.03332544,0.0008151737035928669,0.012446733,0.00030170921649308804,0
0.006384968272310498,0.00021676851436222455,0.00897591,0.003165443401544357,0.0005303624,0.0031995134331817,0.042673327,0.0019573135437990358,0.014389373,0.000515365374526431,0.030097306,0.0005857584594041315,0.0117216585,0.00010290721579077344,1
0.003748663538435615,0.00012680018991055868,0.01008216,0.00198385102044224,0.003638688,0.00170340653859348,0.041024745,0.003355139130309992,0.014989712,0.0016290790527770938,0.019198826,0.000674330847966198,0.006659698,8.896779124343505e-05,1
0.003304282761914301,7.206540708412931e-05,0.008510003,0.0009562043726832337,-0.0010761858,0.0010041400320679461,0.024670813,0.00048092848643116817,0.007621614,0.000135983038991116,0.018202055,0.00033170543615862816,0.0063280347,4.421304173883264e-05,1
0.00431236420548764,0.00011021419225861543,0.0061806077,0.0017727319343197184,0.00047163904,0.001545919988199751,0.036170904,0.000891453816236152,0.013433571,0.0002853250998748891,0.02726581,0.0006048034330841424,0.011516314,0.00015000374309057443,1
0.004940967665723939,0.00016347189128134972,0.0072849547,0.002261173996211119,-0.0010154756,0.0025822150726707016,0.041752994,0.0012262105444072469,0.013993887,0.0003338983646959705,0.023952339,0.0003836449831324945,0.008677788,7.438938424881095e-05,0
0.006255556955119701,0.00017116068951223603,0.003812016,0.002628350543820726,-0.0022545839,0.0036276427964890973,0.063981414,0.0028064630029135534,0.022482254,0.0008391646020378257,0.04372132,0.001053069339424631,0.015733477,0.00020889105086473961,1
0.005682006319124966,0.0002002121531503947,0.0047649727,0.0028044649803563027,0.0027869935,0.0033028943921211695,0.033305857,0.002484603015313669,0.01120743,0.0007713380971857836,0.02683611,0.0004668295446635974,0.009102209,9.191648220194595e-05,0
0.0039456111723294995,8.810599772174909e-05,0.004330749,0.0009150607997335941,0.00086421944,0.001734363872390468,0.046930924,0.001588344682232956,0.01342704,0.0002675044395795828,0.026023429,0.0005762314184840772,0.010332635,0.00015751419085857643,0
0.0022579199777599257,3.1803713903199706e-05,0.002519104,0.00039243929053611737,-0.00013705614,0.00048003702555489414,0.0562746,0.0023603901445502645,0.019646483,0.0006997929177112727,0.039768614,0.0013366910016704564,0.015270711,0.00023918361514687573,1
0.004494335105933445,0.0001374841331519595,0.007038844,0.001193990823839322,-0.0021798941,0.002534933731108746,0.046873692,0.0019917243765945614,0.014918733,0.000503824714559023,0.023725204,0.00045936396708421215,0.010087797,0.00010132663968089126,1
0.005496612368859566,0.00019377031611479952,0.004270598,0.002211914284314054,-0.0001914638,0.003144697586347625,0.06688457,0.00572647156610101,0.020088706,0.0007140345729750863,0.04124821,0.0014163235776187832,0.014642845,0.0002151412606802511,0
0.003349574379845066,9.23073976908538e-05,0.007418341,0.00134138501027814,-0.0017534883,0.0011753136833745348,0.033098187,0.0028883746318228987,0.0111717675,0.0008684723613666123,0.022554964,0.0006842910214309751,0.008414688,0.00011201704487456832,0
0.005434485415480639,0.00022379464407632914,0.0060230438,0.0032148395788417355,0.00047124104,0.003942085285535635,0.03568002,0.0014327076639100156,0.013097625,0.0005819533672219018,0.024044178,0.0005241674186709511,0.009949358,0.00029347718586182625,1
0.005194191632295286,0.00015862032695324117,0.008293251,0.00219008471812826,-0.0012901463,0.002356465765157037,0.034013476,0.001385611916816798,0.009977859,0.0002682007647532604,0.026753763,0.0005757447813996598,0.008480213,6.657494148415433e-05,0
0.004000335087511964,7.297537368704776e-05,0.0023904243,0.0010356854771140789,0.00013641783,0.0012523933568717727,0.043620694,0.0012254261461900479,0.017854096,0.0003940539574502945,0.03478471,0.0006637774404541809,0.015881304,0.00022247138524285424,1
0.005236074747803521,0.00016132941949968324,0.00781124,0.0020149279457882946,-0.00020462685,0.0025161158645661263,0.03897942,0.0012501908370377152,0.011846,0.00023886819772568624,0.026253866,0.00046923540931223875,0.008598501,7.845520385977092e-05,0
0.005280362771565628,0.00014451941070782592,0.0027582739,0.001289341028902824,-0.0017595517,0.0030960115838765123,0.06744805,0.005080849391353448,0.019505765,0.0007619217237134907,0.031933658,0.0004908048176557878,0.012294266,0.00010784043273373914,0
0.004378966021477915,0.00012174229670053488,0.004988347,0.0011942191917067024,-0.0027069382,0.0024092570039577904,0.058872,0.0038172326365437798,0.020405179,0.001045282786751367,0.026119038,0.0005038896042281055,0.012119442,0.00018793449354487322,1
0.006372035273092713,0.00026810488761003345,0.007253124,0.002976028820848145,0.0010585547,0.004413023426828533,0.06483153,0.005535646075263634,0.012509737,0.0002646518846352898,0.040096007,0.001345475821069364,0.010500889,0.00011613052814469019,1
0.0042932567172693226,0.00010285975454403022,0.008576218,0.001399711742286494,0.00027786166,0.0016569636746458644,0.034095515,0.0010446291312080636,0.011415613,0.0002013058187471141,0.026874833,0.0006508359411843724,0.010038618,8.870132909184845e-05,0
0.005365908066234937,0.00020338882822104167,0.0044054203,0.0019849343337319802,-0.00039585124,0.003940202178433216,0.04486394,0.0018321826524356766,0.0141657945,0.0009099973405445917,0.024452433,0.00040217380317683973,0.0076247496,7.106493805686745e-05,0
0.0046238515493746135,0.00010189235676861494,0.0029453503,0.0019305386563128885,0.00029293948,0.0015531641553048203,0.038007535,0.0011418839239177303,0.015539521,0.0002442468073162729,0.037252106,0.0009208753415636123,0.016352382,0.00020741651086963412,1
0.004704356576174185,0.00012088694647819159,0.00019497424,0.0018388993995826497,0.0013562012,0.0020060322834292293,0.06253224,0.003290415443850239,0.020925675,0.0006483120058966563,0.040818714,0.0011748805188906974,0.016374761,0.00023680899755425342,1
0.005388456001428121,0.00017561831183401125,0.009828789,0.002125957968150738,0.0037770206,0.003006735773599445,0.04283706,0.003258536029630568,0.012703528,0.0007341906691175938,0.023922924,0.0004298365421129824,0.00889326,8.302122055625638e-05,1
0.003975104450464784,9.771100517630505e-05,0.008862057,0.0007542208852493598,-0.00521244,0.0019383374246082496,0.041148357,0.003191708560092002,0.014763043,0.0010421697619400622,0.017494481,0.00023322152080743844,0.0073904954,8.490692379400314e-05,0
0.004971535630075685,0.00015724631118026492,0.009135291,0.002607767175755671,-0.001540804,0.002152376431475825,0.03488677,0.001198398543302004,0.012644567,0.00044565097776028476,0.025784701,0.0006324897613225883,0.009956418,0.00012636998814043957,0
0.0049259134274262095,0.00013397477549417926,0.010958664,0.001943231995316097,-0.002011144,0.002268608110105541,0.041475974,0.0017441740111508036,0.01516189,0.0005092921986183385,0.021299932,0.00034628331776787036,0.009877728,0.00010899494873001583,1
0.005548041199049614,0.00020584370376282565,0.009540556,0.0027658156059460343,0.0007923405,0.0028204219959613447,0.04115352,0.0013669487057585972,0.010238795,0.00017607023485349208,0.029383887,0.0006759198322223714,0.009340335,9.516953741186499e-05,1
0.005121174792751759,0.00015698057858967702,0.0060589486,0.0022192091299967492,-0.0004966888,0.0028480883870144608,0.050712015,0.003087929968107486,0.014471011,0.00035081177092366467,0.033033744,0.0009409052053789418,0.012045067,0.00018862408085088336,1
0.007878364492578172,0.000899397347421516,0.008112477,0.020154319827101697,-0.0009024322,0.01865351171131402,0.049605437,0.0034728259417554086,0.016364623,0.0011158384225047474,0.031560957,0.001685587463791674,0.012702385,0.0006127735594785855,0
0.004243316304508582,0.00011905517340097369,0.011478488,0.0011560320441559302,0.00069581106,0.002178357788128693,0.026252538,0.0006398821890256402,0.0075466977,0.0001328994919662591,0.01742362,0.00022536670780168386,0.006010662,3.8093169702545096e-05,0
0.004793017819967105,0.00015885514910032557,0.006775422,0.0014733796322167342,0.00011009166,0.002578085009271605,0.03205409,0.0007043216714935942,0.009465808,0.00016514238008206398,0.019773677,0.000276266468828959,0.006877981,4.582878102004696e-05,1
0.005746213234015585,0.00020094588937469762,0.003217787,0.0020507154937900035,0.004082485,0.004069907584611843,0.06191593,0.003760217709885119,0.01999371,0.0012029919096079866,0.03200981,0.0007524455581952062,0.011516612,0.00013663857391912285,0
0.0008923797464790439,6.5400868480417e-06,0.0028468259,9.015073413826125e-05,0.0003079374,0.00010231215956821652,0.031243624,0.0010437503663430214,0.010827977,0.0006741807191092963,0.020389572,0.000441679686868493,0.008175635,0.00012029824312011217,0
0.004038675168720474,0.00011165749210103396,0.008272907,0.00200508234573743,-0.00021699228,0.0014598168465734945,0.027203126,0.0006156372787358283,0.009143583,0.000124157894893861,0.025905313,0.0008016494760412808,0.00980998,0.0001985379864861284,0
0.006411720191322967,0.0002611737454512693,0.009204218,0.0026026097453437647,-0.005322611,0.005223199296452208,0.04621856,0.00380386547755808,0.01512678,0.0009112938541604998,0.026761942,0.0007181018869021095,0.010192465,0.000136567516330976,0
0.001290356064275855,1.2006670574883676e-05,0.0018863165,0.00011653580539394779,0.0010836048,0.00019383153173139003,0.041665226,0.002685495281962172,0.017217206,0.0017568924774975653,0.026353575,0.0008004167285491672,0.009917758,0.00015026225649507428,0
0.004559051134338077,0.0001217275127365441,0.0062210755,0.0024816933618759945,-0.0025384254,0.002189294343653128,0.04099702,0.0016820199190812346,0.020349318,0.0018942835180477818,0.029451955,0.0005734078956068679,0.016152209,0.0005689155943759718,1
0.005978427539328202,0.00019581697441912056,0.007931942,0.002857062144814515,0.00021523709,0.0036062337538994016,0.045827024,0.0017555620475848688,0.015757017,0.00028963177576479815,0.029132314,0.0006589089938997851,0.012806037,0.00017754932568504744,1
0.005750933354014887,0.00020534910038726557,0.007452246,0.001874737652133987,-0.00061986374,0.0036958791317156514,0.04138612,0.001047466812487352,0.012416686,0.00020397364241401053,0.024752457,0.0004476182639695826,0.009716405,0.00010451649530174648,0
0.00653308188620727,0.0002820242885597724,0.0057832412,0.0024578739046893366,0.001660469,0.005757657711616071,0.058075793,0.003240286684581817,0.016842091,0.0007298960031390522,0.031502202,0.0008235731264960716,0.010244232,0.00011453069099380628,0
0.005155279901378762,0.0001897504020965171,0.007024085,0.0012383655445360464,-0.0018887895,0.004995913052253054,0.06320694,0.006481600631569828,0.022216175,0.0033424945837096237,0.021284625,0.00031291551086511105,0.009049177,8.347023463530726e-05,0
0.0037867723453901547,7.963993745044214e-05,0.008116625,0.0015904461973521716,-0.001718227,0.0009394793108716305,0.033341456,0.0009325306614131924,0.012742441,0.00034437783707250494,0.02493532,0.00043447541950614524,0.010417936,9.695464672860102e-05,1
0.0022520865698574255,2.759784161009716e-05,0.002353089,0.00044903870639032353,-0.00035309108,0.0004045943122089751,0.060326934,0.002442836364910994,0.020136304,0.0004702444979809463,0.049092356,0.001480524525858451,0.018512584,0.00029561234138288095,1
0.005552451525853819,0.00022491804735209867,0.0074546393,0.0025274166002873244,-5.7040208e-05,0.003930891487348431,0.048059173,0.0016210147463336377,0.012695659,0.00017360051475762226,0.025464233,0.0005704588145632496,0.0092335,9.832286470939314e-05,0
0.005512218869534458,0.00015394025464812863,0.0046704384,0.001886184361989729,-0.001384203,0.0029173722625955995,0.088930555,0.004322389813218364,0.027366068,0.0016001569905641638,0.04140326,0.001035181291478629,0.015453568,0.00021517060412319742,1
0.00414990948340499,0.00010343528584281082,0.0080085285,0.0012372541124607839,-0.0010383714,0.001798403133670981,0.030346654,0.0008833753336776086,0.010309571,0.0001947246319279651,0.022072425,0.00038226074175430613,0.008047317,7.827664473884863e-05,0
0.0032817512105083324,5.206161241772559e-05,0.006316627,0.0009034194417661436,0.000700039,0.0007892259077324805,0.030773032,0.0005150877677096016,0.013161086,0.00021020280695321306,0.027700787,0.000559355092566053,0.011833591,8.790198284570894e-05,1
0.005473853130666839,0.00016255614537860237,0.008022569,0.0018467300049697238,0.0011579565,0.0031042805986392225,0.030960467,0.0007468153811872637,0.010497375,0.00013874310894671296,0.025158294,0.0003630381391589582,0.008982293,6.245982855482626e-05,1
0.004402562281016209,0.00012840752720668928,0.0069881054,0.0014754486215397128,0.00079835416,0.0022091847461940817,0.03795655,0.001214978326368757,0.011750622,0.000289784651209022,0.023073148,0.00047459321917118005,0.009614908,0.00012662012124477293,0
0.0061573752531876025,0.00018622827320319917,0.0030902242,0.001838049311795445,0.00078268774,0.00442256124382473,0.08550739,0.0035849268830694947,0.031276014,0.0027823328626746524,0.0432897,0.001178724318229643,0.015999656,0.00019974105197828693,1
0.004438826565733578,0.00012094493183913888,0.009298354,0.0016531545216791899,0.00013226952,0.0020163258182606114,0.024502195,0.000516727008439969,0.009495149,0.00015776302101505602,0.0171469,0.0002291727553769586,0.008043116,0.00011658809096669418,0
0.003632616335207395,5.225180772763992e-05,0.004440681,0.0009532394690892204,-0.0008137206,0.0008343940914039318,0.03424571,0.0006205436957695959,0.015299496,0.00024019889319561172,0.034514494,0.0006089279920501768,0.014654886,0.00014355027950596969,1
0.00679718168956267,0.0003091424168430833,0.0039985348,0.0038577987152378507,9.4946176e-05,0.005980232068569791,0.046964973,0.0017855816165120025,0.01295807,0.00022385366388852704,0.02877603,0.0006890227552646712,0.010292448,0.0001425252746660756,1
0.0046418221545394545,0.00015487345297371334,0.009691494,0.002471125760038509,0.0009611477,0.0033970484887459046,0.042207457,0.004293752516471072,0.013622677,0.001381603389070618,0.020734962,0.00039930484721178994,0.007710741,7.13823170806066e-05,0
0.004720260476895,0.0001182235120648953,0.005889663,0.0014778008829575834,0.0019980832,0.0021955668718405402,0.056287795,0.002775507859044138,0.018623209,0.0009314094333846001,0.032731928,0.0007476112966916006,0.013000021,0.00015022323814097016,0
0.002838867792458011,3.432729210022309e-05,0.0053591905,0.0006443791131473114,-1.1168653e-05,0.0005080355322978382,0.030355707,0.0007978034989453292,0.01517082,0.0003486724744593307,0.023299746,0.0002618809302801228,0.014443103,0.0001683516118605741,0
0.0021329549366377876,2.562110967031142e-05,0.004286074,0.00040689853476108886,-0.0017336237,0.00035615879212025706,0.028924461,0.0010130494018956299,0.0113544045,0.00047186228152029663,0.021772712,0.0003752896612419822,0.008315561,6.842970706636212e-05,1
0.004521488178768962,0.00016572948275004928,0.005125084,0.0019977923113762147,-0.0011242111,0.0023726034707041155,0.05133485,0.00695739254676303,0.017205663,0.0021534048930524907,0.028302852,0.0009186908672864681,0.010225333,0.00018851115473621314,0
0.004920861302233348,0.00013162709882809877,0.0060814456,0.001205547461298695,-0.0004277619,0.0032268376181381897,0.049004026,0.002960665325678083,0.01630078,0.0011152424334446298,0.020133665,0.00019868125930096268,0.008132126,4.764426273841382e-05,0
0.002219800251315629,2.156157079559958e-05,0.005366898,0.000325234828448942,-0.00050720095,0.00035136083239907523,0.018829089,0.0002850068460475176,0.0071772984,5.4508807450868524e-05,0.013064916,9.854050143840234e-05,0.0058403215,2.2092665167666205e-05,1
0.006540634854425242,0.0003105883666890237,0.004180124,0.0031583974465349135,0.00018930636,0.0060719834567191655,0.042983368,0.0022365880252010056,0.011722523,0.00021483054523131762,0.02375105,0.00045655181111214915,0.009243516,0.00011893973229082713,1
0.004879179982062887,0.00022697634253002682,0.0006252888,0.005954088847829553,-0.0009788581,0.0015019678992934105,0.031279474,0.000670413734668588,0.009513477,0.00016319127830514372,0.021877576,0.0003416327832264088,0.008076485,9.063961815631086e-05,0
0.0072634331964911425,0.00034815212635503213,0.0064118,0.003738548864885838,0.0007889103,0.006381630841101549,0.042419456,0.001498013489662997,0.015681386,0.0004931596725266142,0.025850052,0.0006088268765474004,0.012099691,0.00025418186523673905,1
0.007860835999364824,0.00031750053615022124,0.007496522,0.005141910281001083,-0.0022041458,0.005879912229735718,0.044968784,0.001565289939017056,0.02026264,0.0007527123933415286,0.033133443,0.0009352789767925196,0.01714217,0.00032899362515882713,1
0.005783711191663876,0.00019171606527249732,0.004600554,0.0030588107770693207,0.0015634606,0.002679969143790664,0.046915576,0.001879090073754322,0.014890816,0.00025799319401699494,0.02995227,0.0006943610258210199,0.012864457,0.0001735925142374176,1
0.005868529433001202,0.00022302808490086605,0.0055533163,0.0022980240245268485,-0.0002696697,0.0038708379195286913,0.040064618,0.0010662293702365933,0.013288595,0.0003572196292864517,0.023015656,0.0004197825492503783,0.009159493,9.422411533012431e-05,1
0.004863221101255366,0.00013706478290255504,0.0111639295,0.0020435884231773255,0.00032836024,0.0023425156200269776,0.027254788,0.0007258446555333947,0.009608388,0.00015108423179338581,0.022263523,0.0004071442977610397,0.00920154,0.00017783329754679587,1
0.00479486979873478,0.0001160575663466392,0.0069537526,0.0016816755633062425,0.0008534563,0.0019741115279803406,0.026871692,0.0005816624115917435,0.010627307,0.00024262121531037906,0.019940786,0.00028314292445169933,0.009222029,5.521258459183307e-05,1
0.004765416918448118,0.00011530283656192179,0.0055797305,0.0019451926032729716,-0.00039473418,0.0016619087320158266,0.058869652,0.0022010730061983313,0.025731355,0.0005005483857414839,0.043683235,0.0013607316620330018,0.022128861,0.00043284063696447106,0
0.005254539404622172,0.0001802189119927253,0.0028702,0.001810120301464338,-0.002424489,0.003208205133133968,0.05900421,0.006216383918087376,0.016422084,0.0008088269531709852,0.030404657,0.0007337925136652879,0.010779601,9.544677426427759e-05,0
0.006331345945541855,0.0002076598567478868,0.005674346,0.0029992567400221604,0.0021065795,0.0038688778327174017,0.048854455,0.0014803387628214981,0.019263498,0.00043020858431935816,0.03511744,0.00077862792197134,0.015343284,0.0002605994479135433,1
0.002365223727759158,3.681515977845401e-05,0.00267754,0.00046984938874964147,0.0017835642,0.0006299318425959655,0.07673062,0.0060465486227690435,0.025656745,0.002982769566381771,0.039949518,0.0012680716786370866,0.013591951,0.00020255577166214747,1
0.004371906137726533,0.00014630702795848246,0.010184114,0.001379548999938876,-0.0014274416,0.0025225215202852175,0.03739825,0.0015859828430964257,0.010271424,0.0002864001945564222,0.020208012,0.00039599449526585284,0.00727049,6.92531812523968e-05,0
0.0009192641870798823,6.483560695575722e-06,0.0022871937,8.174985563180748e-05,0.0004489026,0.0001046003178701094,0.033525866,0.0015576590439499022,0.012909012,0.0010289606671245455,0.02384011,0.0006765944764466902,0.010115537,0.00014842204787252847,0
0.004024660574458494,0.0001816538136474674,0.006623447,0.002721858262864141,-0.0004645389,0.0030813736809801734,0.032690726,0.0013821262965923453,0.009029647,0.00028308400370577816,0.025632787,0.0008128904429787753,0.008905438,0.00019317211450943506,0
0.004589610251709342,0.00016476575825059668,0.006219031,0.001460678095557777,-0.0010492502,0.0026977951064649647,0.04068803,0.0015760469326076554,0.012413307,0.00034639881913191284,0.023916038,0.0004674579766479475,0.008218215,0.00011132419087817036,1
0.004924568989739697,0.00017774872008826016,0.0081256395,0.001401923353686385,-0.0005716787,0.0030779187534224622,0.04241495,0.0021653620139725493,0.012680212,0.00031477369151523826,0.02684839,0.0005964415977219861,0.0095490385,0.00010304973541708229,0
0.0045886332407816255,0.00011141177213819432,0.0027195495,0.0013446997816721762,-0.0044467244,0.002687618491539881,0.048203886,0.002845547772461432,0.0258782,0.004366860361806113,0.02835033,0.0005291223625660015,0.010279129,9.812681542852118e-05,1
0.004706594089346261,0.00013317319251651442,0.0044970834,0.0018710489583191464,0.0006163535,0.0021808270941895552,0.04405246,0.0027469251495105262,0.013832757,0.00026025268904564594,0.03259691,0.0007842859830538597,0.011831354,0.00014850931275367865,0
0.004228388558352503,0.00011441386272947501,0.0071891425,0.0016916749677955423,-0.0009589141,0.0017597992559632708,0.027489545,0.0006795046998615863,0.008382202,0.00013187495961569998,0.021248892,0.0003440348906193526,0.008129993,0.00010634881721660692,1
0.0043592555190845594,0.00010486133451632168,0.0096410755,0.0012589898116289883,0.0011907446,0.0018390371061025729,0.039246786,0.001096840063774529,0.01154706,0.0002513429706208492,0.024526693,0.00037286758932484135,0.009023046,8.638301472015889e-05,1
0.004128955107098875,9.542606363677428e-05,0.010014189,0.0011915995520581646,-0.00042002345,0.0017317562905777018,0.026926937,0.0005266811750609529,0.008242492,7.529526166499215e-05,0.018544374,0.0002454634932134159,0.0070912186,6.16682845899913e-05,0
0.004830021639685711,0.00013994065789043334,0.011221528,0.0031493311413695185,0.00040255237,0.0016156248019838643,0.03354948,0.0007672331159888947,0.012087747,0.00041212300924359235,0.028298568,0.000679768471598844,0.011631719,0.00015548725327650063,1
0.005180136079797393,0.00015584829638585714,0.00592277,0.0025813810732500247,-0.0007455917,0.002985316154981446,0.03862655,0.001075118480255155,0.019585177,0.0017344597516580351,0.033143505,0.0005773070758842737,0.017673824,0.000722314206675765,1
0.0069697383574540694,0.0003157078024895983,0.0032520911,0.006108973230601278,0.0020658933,0.00549140224653244,0.04948643,0.002629382351987397,0.020824468,0.0009537230608659547,0.02737285,0.0006049258371025636,0.013631161,0.0003545404016554489,0
0.00431171558731247,0.00032327358793699174,-0.0068392428,0.008427395355592504,-0.0027545244,0.0004700398959572999,0.025600234,0.0009983680305390014,0.0127648795,0.0005260272659969902,0.02093113,0.0002280654524727541,0.010508427,6.708951691121543e-05,1
0.005536338736783719,0.00019604414756976599,0.004662699,0.0019859392515978597,-1.515793e-06,0.0032442766971927522,0.044980474,0.0010841323131241531,0.014227102,0.0002416614257755613,0.026000034,0.0004971729276164738,0.010385114,0.00010283157304608048,0
0.006090211702923121,0.00021817540842314608,0.009141792,0.0025969178647850116,0.00049964036,0.005341763929169796,0.048944138,0.004371485745968906,0.018290743,0.0010021262058739766,0.02458902,0.0004989646554396134,0.012442386,0.0002712604753806226,1
0.005274994934703514,0.0001358025973602123,0.0056023076,0.002468006365344222,-0.00055309077,0.0019463011388204526,0.032885328,0.0006750509635339436,0.013534418,0.0002243607099002877,0.02735617,0.00048092922169473695,0.013277585,0.00014143256100163093,1
0.004808240043794321,0.0001255737311097782,0.0073116003,0.0015057719738467146,-0.0005757473,0.0020249029320190126,0.04308664,0.001605403173095113,0.0131128505,0.00021073290416482107,0.02515484,0.00037697384996161765,0.010868057,9.043711089508355e-05,0
0.0028224412795427867,5.264612890360524e-05,0.0056626983,0.00047422281411647893,0.0002039887,0.0008955188864497067,0.02859613,0.0012313883241667073,0.008941914,0.00014912525222212595,0.015764892,0.0001977880273063082,0.0064013284,3.4294692627504864e-05,0
0.0049386304460243835,0.00012144090460839976,0.003294372,0.00198724732035771,-0.0028157928,0.0019611829459434404,0.0651605,0.00408710267629786,0.025865357,0.001290197002405527,0.05456028,0.001990541149217831,0.02005546,0.0005067749672142997,1
0.003974572804713805,0.000112829982644112,0.005917026,0.0011574100263880838,-0.0010478649,0.001884378245271004,0.045718234,0.0031374857172710713,0.013689594,0.0004962118414209571,0.033262454,0.0017835194277702332,0.010617663,0.000186949452892108,0
0.005976834735640146,0.0004327946655993727,0.0014459537,0.010207039733423573,-0.0007231432,0.001801103402345794,0.022809349,0.00042401820411554214,0.008735486,0.00014635018865436292,0.015998187,0.0001622977322786887,0.006741043,6.134940084645633e-05,1
0.0037163829610857846,8.304693357561662e-05,0.0070753824,0.001457963958763353,-0.0005470277,0.001117286878679083,0.030053634,0.0005549441774777564,0.010053845,0.00015395704142742803,0.025972039,0.0005277219758654944,0.01007008,0.00011472668459571681,1
0.006531008962519458,0.0004103637139091098,-9.313226e-10,0.011428744000983537,0.0026912617,0.0022572349617234894,0.026775572,0.0009624215244953861,0.010643088,0.0005034580326856997,0.019182239,0.000305312990356469,0.0077369097,6.87739888497775e-05,1
0.002846215123899043,4.849901788795461e-05,0.0029125619,0.0006900603622400775,-0.00034615048,0.0007566744829901363,0.05515714,0.003145956158085453,0.018150195,0.0007476292239269634,0.044469334,0.001436372787921636,0.016462784,0.0002556241762538859,1
0.0056700975305257195,0.00021718329762406317,0.0037627404,0.00201611739446729,0.000808296,0.004081365047627072,0.058601186,0.002927042914437017,0.017337982,0.0003407084706688636,0.027575314,0.00044405274528097616,0.010262481,0.00010240625209561541,0
0.004497476020470792,0.00011351380348295619,0.007102905,0.0019984940379980665,-0.00063964835,0.0014889183493931868,0.0344749,0.0008415443120081273,0.011671712,0.0002187475827817309,0.029176932,0.0007965567855994261,0.0118897185,0.0001370927856224344,1
0.004248220564975647,0.00011866422607997659,0.0017841228,0.0013451317675300528,-0.0015464685,0.0022234911112856276,0.043462038,0.003859405137510097,0.01349001,0.0004358987471935749,0.022714846,0.00048617986096033405,0.009570746,0.0001347926065379014,1
0.003325312054960783,8.613364000435937e-05,0.010588899,0.0023107161719357894,-0.00023829246,0.0006905250780762234,0.019136343,0.0002567879474499879,0.009049416,0.00010979678207635735,0.01668519,0.00014857905230647797,0.009372332,8.34644828169662e-05,1
0.002335212407906795,2.1720755480639092e-05,0.0068094064,0.0003736390542313922,-0.0013278007,0.0003589468013237701,0.030986931,0.0007648901956345405,0.014950936,0.0003537120598544642,0.025234453,0.0003301249068141804,0.01139403,8.451966380246256e-05,1
0.006140072018952836,0.00027620272286583704,0.008349892,0.002474394257341875,-0.00035668092,0.00523136563291704,0.036658272,0.0011556047273268005,0.0104781,0.00021478446365864878,0.021886416,0.00040159868275781163,0.008833729,0.00010839176912806701,0
0.006666670739468472,0.00025054559849960824,0.002050576,0.0017428216569475574,-0.0013677689,0.006480404617278168,0.11355232,0.01865742351061872,0.026504545,0.0014526358289581598,0.03717731,0.0007378560339930118,0.013809733,0.00014132339690622973,0
0.0033909485658552008,9.284194594700271e-05,0.008914471,0.0013862978609997662,0.0026384494,0.001156655556728406,0.035735898,0.003891461117404696,0.013115783,0.0019195621141210456,0.021207962,0.0004833929703393393,0.008379852,0.00011479953686916247,0
0.004770885637619848,0.00016026091306367546,0.0043103043,0.0017015789240995005,-0.00071652274,0.0028229996666704338,0.049052253,0.004580435329032406,0.012384618,0.000328549772550122,0.029732954,0.0009578979196415462,0.009510578,0.00011285841056890653,0
0.005248376299056723,0.00016674134033541643,0.00968902,0.0016936382994409277,0.001798243,0.0030002626295139306,0.03451901,0.0010072898842039685,0.0145786125,0.0008961517594859338,0.022464229,0.00033226073204174755,0.008172259,6.570108761061455e-05,1
0.0036969781214093445,6.915142969585892e-05,0.004565529,0.0010865274577673834,-0.0015351694,0.0012963885696274519,0.038737334,0.0012348162163677984,0.0150945,0.00048274122656122645,0.024981974,0.0005193107423659971,0.01046475,0.00013801887503346686,1
0.004560458540436407,0.00011770608478681029,0.005995606,0.0023023691880269676,-0.00030977232,0.0022207842815463175,0.035056744,0.0009184933926648237,0.014028035,0.0005002691332885202,0.033939503,0.001254629219652692,0.014376592,0.0004823292010636693,1
0.004574937282209035,0.00013287394563076023,0.006629192,0.002103145404470777,-0.0005647382,0.0023970250864483594,0.043751,0.0017176258125700117,0.019297319,0.0013062058591570835,0.029676948,0.0007390143264307675,0.01636819,0.0006747482398157395,1
0.002427500329575061,3.813395314780154e-05,0.0033565983,0.00048093959714057624,-3.430393e-05,0.0005831047835114789,0.05114139,0.0017525826652367016,0.016468741,0.00041461616341570764,0.031956077,0.0006576146722492605,0.013280466,0.000165572030873252,0
0.006303446757347508,0.0003654492885182399,0.0006113276,0.008984250816743478,-0.0022950117,0.003064559731405861,0.03259588,0.0007621129975186186,0.016901532,0.00173242544583041,0.020962264,0.00026295480739799496,0.007554656,4.7296881928865714e-05,0
0.004902915675964792,0.00013475895699431118,0.0071794433,0.0021048056333353854,-0.0007238136,0.002225727850764747,0.028908225,0.0009288969420821053,0.011485504,0.000267078531207169,0.02448453,0.0005221052764459305,0.010409182,9.547561941606122e-05,1
0.005579996047775815,0.0002589508993049177,0.003696076,0.008184105269571307,-0.0006095433,0.0017484510472801085,0.030178357,0.0005577665312151425,0.011313636,0.0001846082858143784,0.021601403,0.0003384807812449632,0.0085306,7.878229426301012e-05,1
0.0030757085930135375,5.555187859755579e-05,0.0035557197,0.000911718656529479,0.0002713997,0.0008259503406898988,0.02452048,0.0005011764257127939,0.009905339,0.00021577677188314246,0.021080377,0.00035790764432613864,0.008450201,8.682690620518633e-05,1
0.004487893938551313,0.0001406441882031059,0.0079873875,0.002031728698113966,0.0028827253,0.0019641803734832403,0.03856863,0.0032671516091293956,0.013380238,0.0011337434562464083,0.027969824,0.000827986100882059,0.009794186,0.000162534234165599,0
0.0021739072718691688,2.5929880348680485e-05,0.0023049836,0.00039146568377524185,-0.00057989534,0.00038283088786353683,0.032334205,0.0011562934885314125,0.011978943,0.00048391935303016,0.02929004,0.0006498362437251104,0.010070579,0.00011123109528319089,1
0.0035563585861275726,6.448976550826222e-05,0.005247781,0.0008048712973707794,-0.0001222176,0.0011455440389342986,0.03760673,0.0010261639342151185,0.011730695,0.0001918507942799347,0.023625895,0.0004093930450427413,0.009456718,7.344080667173822e-05,0
0.005860997198318785,0.00038033072420050806,0.0,0.008503911572260714,-0.0022997186,0.004306421189570253,0.03357668,0.002459709681940092,0.011759164,0.0006069371960515692,0.015140423,0.0001810953426519069,0.0060011214,3.836617989140534e-05,1
0.0029942056953471408,6.623817469279293e-05,0.00046693208,0.0015211346008752735,0.00051184616,0.000734139594218728,0.017316056,0.00038836099906236835,0.007002544,0.00015601183988057932,0.015395526,0.00020356024146836807,0.005076658,2.489207753181657e-05,1
0.003321237363431706,8.61835505440178e-05,0.010588979,0.0023125162197413923,-0.000234862,0.0006901126202830121,0.019127358,0.0002572986044697828,0.009051407,0.00011055738538200913,0.016649865,0.000148458153585454,0.009339454,8.334518580971687e-05,1
0.00525066683393316,0.00013071290660267426,0.0058909394,0.0020131203618034693,0.00040342996,0.002321808065658418,0.063939735,0.0026359079409857267,0.019701593,0.00043604148024417935,0.039369132,0.0008485200405642518,0.015448931,0.00021228244732501844,1
0.004720247325640692,0.00012586857183524274,0.0053688018,0.0018586723675630967,-0.0001956122,0.0019935765552956536,0.036194727,0.0010097565428281996,0.012266576,0.00017500356813293996,0.02988361,0.0005879411262919021,0.011847331,0.00013436748511243268,1
0.0036396795188224917,6.700669857600053e-05,0.0041568447,0.0009588394393392242,0.00013535519,0.0014422247115401104,0.047364023,0.0018435612806024793,0.015782233,0.00034196185496083997,0.022538725,0.00038554826711624524,0.011860138,0.00019183438612470436,1
0.005429463698260584,0.0001675616746932257,0.00564293,0.00238724194436829,-0.0016110784,0.0030573015667652165,0.051028438,0.0024844819468781143,0.01602052,0.0005544121429293392,0.038318757,0.0014561156592846208,0.01394558,0.00023043542858770805,1
0.003941057085031119,0.00010559759725800153,0.0075365696,0.0018951821888518183,-0.001012763,0.0012758243262123298,0.025099754,0.0006991479755097535,0.012283254,0.0005392261344942112,0.01915164,0.0003313281056547407,0.009775271,0.00015307602035030676,0
0.00500957471509178,0.00011777670644911666,0.0065680826,0.0012647462792648861,0.004680011,0.0038182067460880292,0.057212915,0.003445534188628932,0.035694517,0.007415113590752975,0.03152424,0.0007048971873881184,0.0143347345,0.00016964474765064023,0
0.005404876326021935,0.00015139044367425738,0.005279612,0.0026962713731115834,0.00019313897,0.002118698812855882,0.06896781,0.0027636574155525673,0.025788553,0.0006677483055499978,0.052426837,0.0019833745093623123,0.024508659,0.0005569818455120196,1
